"id","first_name","last_name","full_name","department","email","city","phone","address","zip","country"
"CHA_UWT","Ulrich-Wilhelm","Thomale","","Charite | Neurosurgery","ulrich-wilhelm.thomale@charite.de","Berlin","","","","Germany"
"CHA_MS","Matthias","Schulz","","Charite | Neurosurgery","matthias.schulz@charite.de","Berlin","","","","Germany"
"CHA_ALH","Anna-leah","Huther","","Charite | Neurosurgery","anna-leah.huether@charite.de","Berlin","","","","Germany"
"EMC_MLCV","Marie-Lise","Van Veelen","","Erasmus MC | Neurosurgery","m.l.c.vanveelen@erasmusmc.nl","Rotterdam","","","","Netherlands"
"RADBOUD_HD","Hans","Delye","","Radboud MC | Plastic surgery","","Nijmegen","","","","Netherlands"
"EMC_IMJM","Irene","Mathijssen","","Erasmus MC | Plastic surgery","i.mathijssen@erasmusmc.nl","Rotterdam","","","","Netherlands"
"EMC_SV","Sarah","Versnel","","Erasmus MC | Plastic surgery","s.versnel@erasmusmc.nl","Rotterdam","","","","Netherlands"
"NECK_SH","Samer","Haber","","Necker","samer.haber@aphp.fr","Paris","","","","France"
